[
    { "file": "memes/confused.png", "caption": "When £12.50 becomes a yacht by 65 💸" },
    { "file": "memes/facepalm.png", "caption": "Future-you, watching you checkout again…" },
    { "file": "memes/crying.png", "caption": "Investor tears, vintage 2055 🍷" },
    { "file": "memes/einstein.png", "caption": "Big-brain move: click X, not Buy" },
    { "file": "memes/doge.png", "caption": "Such compound. Many wow." },
    { "file": "memes/banana.png", "caption": "Banana today vs. Lambo tomorrow" },
    { "file": "memes/pikachu.png", "caption": "Shocked Pikachu sees the future value" },
    { "file": "memes/drake.png", "caption": "Buying now ❌  |  Investing ✅" },
    { "file": "memes/arthur.png", "caption": "That grip when the cart total pops up" },
    { "file": "memes/spongebob.png", "caption": "‘I don’t need it…’ – you, maybe" }
  ]
  